<?xml version="1.0" encoding="utf-8"?>
<project>

    <!--  Project description -->
    <name>Rizeni maticoveho displeje z FPGA</name>
    <author>Jiri Jurica</author>
    <authoremail>xjuric29@stud.fit.vutbr.cz</authoremail>
    <description>Rizeni displeje LED 8x8 z FPGA pres Xbus</description>

    <!--  MCU part -->
    <mcu>
        <file>main.c</file>
    </mcu>

    <!-- FPGA part -->
    <fpga toplevelentity="ledc8x8" ucffile="fpga/ledc8x8.ucf" architecture="none">
        <file>ledc8x8.vhd</file>
    </fpga>

</project>
